<?xml version='1.0'?>
<home version='6500' exportFlags='17' name='TheComma.sh3d' camera='observerCamera' wallHeight='250.0'>
  <property name='AdvancedPhotoPanel.PhotoDialogHeight' value='855'/>
  <property name='AdvancedPhotoPanel.PhotoDialogWidth' value='494'/>
  <property name='AdvancedPhotoPanel.PhotoDialogX' value='398'/>
  <property name='AdvancedPhotoPanel.PhotoDialogY' value='114'/>
  <property name='renderingEngineValue' value='SunFlow'/>
  <environment groundColor='00A8A8A8' backgroundImageVisibleOnGround3D='true' skyColor='00CCE4FC' lightColor='00CACACA'>
    <texture attribute='groundTexture' name='Pavement' creator='Scopia' catalogId='eTeksScopia#pavement_2' width='100.0' height='100.0' image='0'/>
    <texture attribute='skyTexture' name='Big sun' creator='Scopia' catalogId='eTeksScopia#big-sun-sky' width='300.0' height='50.0' image='1'/>
  </environment>
  <observerCamera attribute='observerCamera' lens='NORMAL' x='631.7061' y='819.5909' z='170.0' yaw='-11.464135' pitch='0.14920422' fieldOfView='1.0995575' time='1588582800494'/>
  <camera attribute='topCamera' lens='PINHOLE' x='201.395' y='108.66324' z='650.7875' yaw='-63.342598' pitch='0.8549996' fieldOfView='1.0995575' time='1588593600000'/>
  <doorOrWindow catalogId='eTeks#door' name='Puerta' creator='eTeks' model='3' x='496.40527' y='616.9667' angle='1.5707964' width='104.72861' depth='91.69542' height='208.5' modelMirrored='true' modelSize='14086' movable='false' cutOutShape='M0,0 v1 h1 v-1 z' wallCutOutOnBothSides='true' wallWidth='0.8736868' wallLeft='0.12631278'>
    <transformation name='sweethome3d_hinge_1' matrix='-0.18264504 0 -0.93481296 -0.45942494 0 1 0 0 1.0340472 0 -0.18264504 0.45869884'/>
  </doorOrWindow>
  <doorOrWindow catalogId='eTeks#door' name='Puerta' creator='eTeks' model='3' x='601.52386' y='529.51166' angle='3.1415927' width='106.01633' depth='91.4981' height='208.5' modelMirrored='true' modelSize='14086' movable='false' cutOutShape='M0,0 v1 h1 v-1 z' wallCutOutOnBothSides='true' wallWidth='0.8630746' wallLeft='0.13692553'>
    <material name='white' shininess='0.75'/>
    <transformation name='sweethome3d_hinge_1' matrix='-0.1998983 0 -0.93161607 -0.46660715 0 1 0 0 1.030511 0 -0.1998983 0.45773715'/>
  </doorOrWindow>
  <doorOrWindow catalogId='eTeks#door' name='Puerta' creator='eTeks' model='3' x='602.7553' y='802.3867' width='103.07065' depth='91.91129' height='208.5' modelMirrored='true' modelSize='14086' movable='false' cutOutShape='M0,0 v1 h1 v-1 z' wallCutOutOnBothSides='true' wallWidth='0.8877406' wallLeft='0.11225954'>
    <material name='white' color='FFFCFCFC' shininess='0.7265625'/>
    <transformation name='sweethome3d_hinge_1' matrix='-0.16045707 0 -0.93848675 -0.450201 0 1 0 0 1.0381111 0 -0.16045707 0.4597367'/>
  </doorOrWindow>
  <doorOrWindow catalogId='eTeks#door' name='Puerta' creator='eTeks' model='3' x='695.89233' y='679.9359' angle='4.712389' width='93.91318' depth='78.50285' height='208.5' modelMirrored='true' modelSize='14086' movable='false' cutOutShape='M0,0 v1 h1 v-1 z' wallCutOutOnBothSides='true' wallWidth='0.8252303' wallLeft='0.17476986'>
    <material name='white' shininess='0.75'/>
    <transformation name='sweethome3d_hinge_1' matrix='-0.25540468 0 -1.0853344 -0.4850393 0 1 0 0 0.8612723 0 -0.25540468 0.38976195'/>
  </doorOrWindow>
  <doorOrWindow catalogId='eTeks#sliderWindow126x200' name='Ventana corredera' creator='eTeks' model='5' x='143.80127' y='243.42679' angle='3.1415925' width='109.0' depth='9.450749' height='210.0' color='FF1E2923' modelSize='7950' movable='false' cutOutShape='M0,0 v1 h1 v-1 z' wallCutOutOnBothSides='true'/>
  <doorOrWindow catalogId='eTeks#sliderWindow126x200' name='Ventana corredera' creator='eTeks' model='5' x='358.62686' y='245.37677' angle='1.7484555E-7' width='215.0' depth='9.450749' height='210.0' color='FF1E2923' modelSize='7950' movable='false' cutOutShape='M0,0 v1 h1 v-1 z' wallCutOutOnBothSides='true'/>
  <doorOrWindow catalogId='eTeks#sliderWindow126x200' name='Ventana corredera' creator='eTeks' model='5' x='691.47253' y='245.37672' angle='9.9773075E-8' width='200.0' depth='9.450749' height='210.0' color='FF1E2923' modelSize='7950' movable='false' cutOutShape='M0,0 v1 h1 v-1 z' wallCutOutOnBothSides='true'/>
  <doorOrWindow catalogId='eTeks#frontDoor' name='Puerta de Entrada' creator='eTeks' model='7' x='114.42603' y='619.39264' angle='4.712389' width='98.0' depth='9.584083' height='208.5' modelSize='24179' movable='false' cutOutShape='M0,0 v1 h1 v-1 z' wallCutOutOnBothSides='true'/>
  <pieceOfFurniture catalogId='eTeks#wardrobe' name='Armario empotrado Ferito' creator='eTeks' model='9' x='750.58594' y='592.0557' angle='3.1415927' width='171.3' depth='55.2' depthInPlan='55.20001' height='200.0' modelSize='23218' movable='false'/>
  <doorOrWindow catalogId='eTeks#sliderWindow126x200' name='Ventana corredera' creator='eTeks' model='5' x='580.8388' y='1000.656' elevation='102.0' angle='3.1415927' width='110.0' depth='12.600749' height='144.0' color='FF1E2923' modelSize='7950' movable='false' cutOutShape='M0,0 v1 h1 v-1 z' wallCutOutOnBothSides='true'/>
  <doorOrWindow catalogId='eTeks#sliderWindow126x200' name='Ventana corredera' creator='eTeks' model='5' x='719.38446' y='1000.656' elevation='102.0' angle='3.1415927' width='65.0' depth='12.600749' height='144.0' color='FF1E2923' modelSize='7950' movable='false' cutOutShape='M0,0 v1 h1 v-1 z' wallCutOutOnBothSides='true'/>
  <pieceOfFurniture catalogId='eTeks#armchair' name='Armchair' creator='eTeks' model='11' x='219.4502' y='550.2659' angle='3.1415927' width='75.0' depth='76.0' height='87.0' modelSize='104093'>
    <material name='iris' shininess='0.0703125'>
      <texture name='Knit' creator='Ola-Kristian Hoff' catalogId='OlaKristianHoff#texture_knit' width='2.0' height='2.0' image='12'/>
    </material>
  </pieceOfFurniture>
  <pieceOfFurniture catalogId='eTeks#sofa2' name='Sofa' creator='eTeks' model='14' x='140.69753' y='435.37173' angle='4.712389' width='149.0' depth='79.0' height='88.0' modelSize='55383'/>
  <pieceOfFurniture catalogId='eTeks#squareTable' name='Square table' creator='eTeks' model='16' x='487.45752' y='458.2894' width='93.0' depth='93.0' height='76.0' color='FFC9C5B8' modelSize='3045'/>
  <pieceOfFurniture catalogId='eTeks#hotWaterRadiator' name='Hot water radiator' creator='eTeks' model='18' x='528.9575' y='536.25507' elevation='20.0' angle='1.5707964' width='45.0' depth='10.0' height='60.0' modelSize='336022' movable='false'/>
  <pieceOfFurniture catalogId='eTeks#stool' name='Stool' creator='eTeks' model='20' x='513.9575' y='276.22357' width='40.0' depth='40.0' height='46.0' color='FF150600' modelSize='19756'/>
  <pieceOfFurniture catalogId='eTeks#stool' name='Stool' creator='eTeks' model='20' x='513.9575' y='316.22357' angle='1.5707964' width='40.0' depth='40.0' height='46.0' color='FF18D600' modelSize='19756'/>
  <pieceOfFurniture catalogId='eTeks#toiletUnit' name='Toilet unit' creator='eTeks' model='22' x='795.55975' y='834.1755' angle='1.5707964' width='40.0' depth='80.0' height='62.0' modelSize='125874' movable='false'/>
  <pieceOfFurniture name='wall-flat-tv' model='24/wall-flat-tv.obj' x='528.5075' y='319.81982' elevation='78.0' angle='1.5707964' width='97.0' depth='9.0' height='56.0' modelSize='37406'/>
  <doorOrWindow catalogId='eTeks#sliderWindow126x200' name='Slider window' creator='eTeks' model='5' x='265.35583' y='1000.6762' elevation='90.0' angle='3.1415927' width='229.5' depth='12.600708' height='142.0' modelSize='7950' movable='false' cutOutShape='M0,0 v1 h1 v-1 z' wallCutOutOnBothSides='true'>
    <material name='white' color='FF003827'/>
  </doorOrWindow>
  <pieceOfFurniture catalogId='LucaPresidente#cassettiera' name='Drawers' creator='LucaPresidente' model='26/cassettiera.obj' x='149.9761' y='776.9763' angle='4.712389' width='60.0' depth='60.0' height='78.0' modelSize='952701'>
    <material name='Box55_1'>
      <texture name='Bleached wood' creator='Emmanuel Puybaret' catalogId='Puybaret#bleachedWood' width='40.0' height='80.0' image='27'/>
    </material>
    <material name='Box562_5' color='FFFFFFFF'/>
  </pieceOfFurniture>
  <pieceOfFurniture catalogId='Pastierovic#upperCabinet' name='Gray upper cabinet' creator='Robert Pastierovic' model='29' x='389.4839' y='798.35596' elevation='120.5' angle='1.5707964' width='100.0' depth='46.0' height='100.0' modelSize='3577'>
    <material name='grey' color='FFFFFFFF'/>
  </pieceOfFurniture>
  <doorOrWindow catalogId='eTeks#doorFrame' name='Door frame' creator='eTeks' model='31' x='269.78845' y='681.9596' angle='3.1415927' width='156.0' depth='12.700684' height='208.3' modelSize='1281' movable='false' cutOutShape='M0,0 v1 h1 v-1 z' wallCutOutOnBothSides='true'/>
  <light catalogId='Scopia#ceiling-lamp' name='Ceiling lamp' creator='Scopia' model='33/ceiling-lamp.obj' x='270.14014' y='901.9575' elevation='244.6' angle='3.1415927' width='30.0' depth='30.0' height='5.4' modelSize='96982'/>
  <light catalogId='Scopia#ceiling-lamp' name='Ceiling lamp' creator='Scopia' model='33/ceiling-lamp.obj' x='267.94733' y='751.75183' elevation='244.6' angle='3.1415927' width='30.0' depth='30.0' height='5.4' modelSize='96982'/>
  <pieceOfFurniture catalogId='Scopia#clothes_washing_machine' name='Clothes washing machine' creator='Scopia' model='35/clothes_washing_machine.obj' x='371.03397' y='966.9763' angle='1.5707958' width='60.0' depth='44.000015' height='84.0' modelSize='94793'/>
  <pieceOfFurniture catalogId='LucaPresidente#lavello' name='Sink' creator='LucaPresidente' model='37/lavello.obj' x='380.48392' y='808.95593' angle='1.5707964' width='79.80005' depth='64.0' height='95.0' modelSize='970849'>
    <material name='Box272_4' color='FFF4F4F4'/>
    <material name='Line50_9' color='FFFDF4E3'/>
  </pieceOfFurniture>
  <pieceOfFurniture catalogId='LucaPresidente#lavastoviglie' name='Dishwasher' creator='LucaPresidente' model='39/lavastoviglie.obj' x='380.98392' y='878.85596' angle='1.5707964' width='60.0' depth='63.0' height='78.0' modelSize='180918'>
    <material name='ChamferCyl19_1' color='FFF4F4F4'/>
    <material name='ChamferCyl23_6' color='FFF4F4F4'/>
    <material name='Line55_3' color='FFFDF4E3'/>
  </pieceOfFurniture>
  <pieceOfFurniture catalogId='LucaPresidente#singolo' name='Lower cabinet' creator='LucaPresidente' model='41/singolo.obj' x='380.48392' y='758.70593' angle='1.5707964' width='20.699951' depth='64.0' height='78.0' modelSize='273103'>
    <material name='Box052_4' color='FFF4F4F4'/>
    <material name='Line03_2' color='FFFDF4E3'/>
  </pieceOfFurniture>
  <pieceOfFurniture catalogId='Omari#frigorifero' name='Fridge' creator='Ben Omari' model='43/frigorifero_Scene.obj' x='376.23392' y='718.35596' angle='1.5707964' width='60.0' depth='66.0' height='186.0' modelSize='3824'>
    <material name='Material' color='FFF4F4F4'/>
  </pieceOfFurniture>
  <pieceOfFurniture name='Roller shutter' creator='Shafeek K.' model='45/model.dae.obj' x='151.68393' y='717.17633' elevation='78.0' angle='4.712389' width='60.0' depth='58.0' height='61.5' modelSize='95426'/>
  <pieceOfFurniture catalogId='LucaPresidente#cassettiera' name='Drawers' creator='LucaPresidente' model='26/cassettiera.obj' x='149.9761' y='716.9763' angle='4.712389' width='60.0' depth='60.0' height='78.0' modelSize='952701'>
    <material name='Box55_1'>
      <texture name='Bleached wood' creator='Emmanuel Puybaret' catalogId='Puybaret#bleachedWood' width='40.0' height='80.0' image='27'/>
    </material>
    <material name='Box562_5' color='FFFFFFFF'/>
  </pieceOfFurniture>
  <pieceOfFurniture catalogId='LucaPresidente#cassettiera' name='Drawers' creator='LucaPresidente' model='26/cassettiera.obj' x='149.9761' y='857.9763' angle='4.712389' width='102.0' depth='60.0' height='78.0' modelSize='952701'>
    <material name='Box55_1'>
      <texture name='Bleached wood' creator='Emmanuel Puybaret' catalogId='Puybaret#bleachedWood' width='40.0' height='80.0' image='27'/>
    </material>
    <material name='Box562_5' color='FFFFFFFF'/>
  </pieceOfFurniture>
  <pieceOfFurniture catalogId='Puybaret#ceramicHob' name='Ceramic hob' creator='Emmanuel Puybaret' model='47/ceramicHob.obj' x='145.9761' y='856.16943' elevation='79.0' angle='4.712389' width='60.0' depth='52.0' height='0.90000004' modelSize='20674'/>
  <furnitureGroup name='Oven' x='151.68005' y='776.92633' elevation='78.0' angle='4.712389' width='59.500122' depth='63.407967' height='59.5'>
    <pieceOfFurniture catalogId='LucaPresidente#ovenFront' name='Oven front' creator='LucaPresidente' model='49/ovenFront.obj' x='180.034' y='776.9763' elevation='78.0' angle='4.712389' width='59.400078' depth='6.7000012' height='59.5' modelSize='101834'/>
    <pieceOfFurniture catalogId='eTeks#texturableBox' name='Oven Box' creator='eTeks' model='51/texturableBox.obj' x='147.3761' y='776.87634' elevation='78.0' angle='4.712389' width='59.400078' depth='54.800007' height='59.5' modelSize='1661'/>
  </furnitureGroup>
  <pieceOfFurniture catalogId='Omari#capa' name='Hood' creator='Ben Omari' model='53/capa_Scene.obj' x='144.9761' y='854.58136' elevation='150.0' angle='4.712389' width='66.5' depth='50.0' height='61.5' modelSize='2348' movable='false'/>
  <pieceOfFurniture catalogId='alaX#stool_small' name='Stool' creator='alaX' model='55/stool_small.obj' x='154.40884' y='936.05597' angle='3.1415927' width='30.0' depth='30.0' height='45.0' modelSize='85574'/>
  <pieceOfFurniture catalogId='alaX#stool_small' name='Stool' creator='alaX' model='55/stool_small.obj' x='164.80313' y='975.1134' angle='4.712389' width='30.0' depth='30.0' height='45.0' modelSize='85574'/>
  <pieceOfFurniture catalogId='eTeks#texturableBox' name='Box' creator='eTeks' model='51/texturableBox.obj' x='157.90884' y='953.2263' elevation='73.0' width='37.0' depth='88.5' height='4.0' modelSize='1661'/>
  <pieceOfFurniture catalogId='Infernal-quack#microOnde' name='Microwave' creator='Infernal-quack' model='57' x='146.34955' y='717.40967' elevation='76.0' angle='4.712389' width='49.0' depth='35.299988' height='27.4' modelSize='142944'/>
  <pieceOfFurniture catalogId='Pastierovic#upperCabinet' name='Gray upper cabinet' creator='Robert Pastierovic' model='29' x='379.48392' y='718.0059' elevation='186.0' angle='1.5707964' width='60.69995' depth='66.0' height='35.0' modelSize='3577'>
    <material name='grey' color='FFF6F6F6'/>
  </pieceOfFurniture>
  <pieceOfFurniture catalogId='Scopia#gaz_water_heater' name='CALDERA Immergas Victrix Omnia' creator='Scopia' model='59/gaz_water_heater.obj' x='392.83392' y='878.4458' elevation='130.0' angle='1.5707964' width='44.0' depth='39.300003' height='85.5' modelSize='97810' movable='false'/>
  <pieceOfFurniture catalogId='Pastierovic#upperCabinet' name='Gray upper cabinet' creator='Robert Pastierovic' model='29' x='389.4839' y='878.35596' elevation='120.5' angle='1.5707964' width='60.0' depth='46.0' height='100.0' modelSize='3577'>
    <material name='grey' color='FFFFFFFF'/>
  </pieceOfFurniture>
  <pieceOfFurniture catalogId='Pastierovic#glassdoorCabinet' name='Gray glass door cabinet' creator='Robert Pastierovic' model='61' x='379.7839' y='928.35596' elevation='120.5' angle='1.5707964' width='40.0' depth='26.5' height='100.0' modelSize='6114'>
    <material name='grey' color='FFF6F6F6'/>
  </pieceOfFurniture>
  <pieceOfFurniture catalogId='Pastierovic#glassdoorCabinet' name='Gray glass door cabinet' creator='Robert Pastierovic' model='61' x='379.7839' y='968.35596' elevation='120.5' angle='1.5707964' width='40.0' depth='26.5' height='100.0' modelSize='6114'>
    <material name='grey' color='FFF6F6F6'/>
  </pieceOfFurniture>
  <pieceOfFurniture catalogId='Pastierovic#glassdoorCabinet' name='Gray glass door cabinet' creator='Robert Pastierovic' model='61' x='152.65884' y='929.18475' elevation='120.5' angle='4.712389' width='40.0' depth='26.5' height='100.0' modelSize='6114'>
    <material name='grey' color='FFF6F6F6'/>
  </pieceOfFurniture>
  <pieceOfFurniture catalogId='Pastierovic#glassdoorCabinet' name='Gray glass door cabinet' creator='Robert Pastierovic' model='61' x='152.65884' y='969.18475' elevation='120.5' angle='4.712389' width='40.0' depth='26.5' height='100.0' modelSize='6114'>
    <material name='grey' color='FFF6F6F6'/>
  </pieceOfFurniture>
  <pieceOfFurniture catalogId='Maui#bathroomFurniture' name='Cabinet' creator='Maui' model='63/bathroomFurniture.obj' x='810.10974' y='692.1222' elevation='33.0' angle='1.5707964' width='119.0' depth='50.9' height='131.1' modelSize='1263450' movable='false'/>
  <pieceOfFurniture catalogId='Scopia#clothes-basket' name='Clothes basket' creator='Scopia' model='65/clothes-basket.obj' x='819.5895' y='548.3627' angle='1.5707965' width='32.0' widthInPlan='32.000004' depth='31.94063' depthInPlan='31.940628' height='40.014843' heightInPlan='40.01484' modelSize='215056'/>
  <pieceOfFurniture catalogId='OlaKristianHoff#bath_L' name='Bath L shape' creator='Ola-Kristian Hoff' model='67/bath_L.obj' x='753.1409' y='954.456' angle='3.1415927' width='170.0' depth='85.0' height='186.0' modelMirrored='true' modelSize='12552'/>
  <pieceOfFurniture catalogId='Snduc#radiateur' name='Radiator' creator='Snduc' model='69' x='699.6839' y='630.15576' elevation='45.0' width='50.2' depth='6.0' height='164.40001' modelRotation='0 0 1 0 1 0 -1 0 0' modelSize='67845' movable='false'/>
  <pieceOfFurniture catalogId='LucaPresidente#mobilettowenge' name='Cabinet' creator='LucaPresidente' model='71/mobilettowenge.obj' x='796.30975' y='776.21576' angle='1.7484555E-7' width='78.5' depth='21.0' height='82.0' modelSize='46012'>
    <material name='Rectangle14_4' color='FFFCFCFC' shininess='0.6171875'/>
  </pieceOfFurniture>
  <pieceOfFurniture catalogId='eTeks#bed' name='Bed' creator='eTeks' model='73' x='735.3374' y='408.71262' angle='1.5707965' width='150.1' depth='200.44473' height='54.808304' modelSize='24868'>
    <material name='flgrey' color='FFFFFFEF'/>
    <material name='flltbrown' color='FFE7E7E7'/>
    <material name='ltgrey' color='FFFFFFEF'/>
    <material name='sand_stone'>
      <texture name='Wooden floor' creator='eTeks' catalogId='eTeks#woodenFloor' width='42.5' height='42.5' image='74'/>
    </material>
  </pieceOfFurniture>
  <pieceOfFurniture catalogId='Blend Swap CC-0#bedsideTable2' name='Bedside table' creator='Nhumrod' model='76/bedsideTable2.obj' x='811.5098' y='309.36267' angle='1.5707965' width='48.600002' depth='48.100002' height='45.4' modelSize='39241'/>
  <pieceOfFurniture catalogId='Blend Swap CC-0#bedsideTable2' name='Bedside table' creator='Nhumrod' model='76/bedsideTable2.obj' x='811.50977' y='508.06265' angle='1.5707965' width='48.600002' depth='48.100002' height='45.4' modelSize='39241'/>
  <doorOrWindow catalogId='OlaKristianHoff#double_door' name='Double door' creator='alaX' model='78/double_door.obj' x='477.46997' y='763.7303' angle='1.7484555E-7' width='107.5' depth='9.738236' height='230.0' modelSize='30618' movable='false' cutOutShape='M0,0 v1 h1 v-1 z' wallCutOutOnBothSides='true'/>
  <pieceOfFurniture catalogId='Scopia#ext_table' name='Table' creator='Scopia' model='80/ext_table.obj' x='203.28389' y='104.87209' width='150.0' depth='60.0' height='40.0' modelSize='187446'/>
  <pieceOfFurniture catalogId='Scopia#silla_teca' name='Teck chair' creator='Scopia' model='82/silla_teca.obj' x='186.251' y='198.75662' angle='3.1415927' width='159.5' depth='70.0' height='84.0' modelRotation='0 0 -1 0 1 0 1 0 0' modelSize='28947'/>
  <pieceOfFurniture catalogId='Scopia#garden-faucet' name='Garden faucet' creator='Scopia' model='84/garden-faucet.obj' x='810.2576' y='22.651733' elevation='100.0' width='5.0' depth='20.0' height='15.5' modelSize='39533' movable='false'/>
  <pieceOfFurniture catalogId='Kator Legaz#cafe-table' name='Cafe table' creator='Kator Legaz' model='86/cafe-table.obj' x='429.25922' y='112.88748' width='74.200005' depth='74.200005' height='70.0' modelSize='144248'/>
  <pieceOfFurniture catalogId='Scopia#ext_chair' name='Chair' creator='Scopia' model='88/ext_chair.obj' x='60.97654' y='52.800995' angle='4.712389' width='69.0' depth='77.0' height='73.4' modelRotation='0 0 1 0 1 0 -1 0 0' modelSize='165694'/>
  <pieceOfFurniture catalogId='Scopia#ext_chair' name='Chair' creator='Scopia' model='88/ext_chair.obj' x='60.210426' y='126.81225' angle='4.712389' width='69.0' depth='77.0' height='73.4' modelRotation='0 0 1 0 1 0 -1 0 0' modelSize='165694'/>
  <pieceOfFurniture catalogId='Scopia#ext_table' name='Table' creator='Scopia' model='80/ext_table.obj' x='60.70552' y='198.64087' width='47.5' depth='47.5' height='47.5' modelSize='187446'/>
  <pieceOfFurniture catalogId='Kator Legaz#glass-dining-table' name='Glass table' creator='Kator Legaz' model='90/glass-dining-table.obj' x='49.789627' y='299.566' angle='4.712389' width='102.0' depth='72.0' height='75.0' modelSize='10003'>
    <material name='Black_paint' color='00000000'/>
  </pieceOfFurniture>
  <pieceOfFurniture catalogId='eTeks#texturableBox' name='Balda 1' creator='eTeks' model='51/texturableBox.obj' x='41.791817' y='299.46762' elevation='140.0' width='56.0' depth='102.5' height='6.0' modelSize='1661'/>
  <pieceOfFurniture catalogId='eTeks#texturableBox' name='Balda 3' creator='eTeks' model='51/texturableBox.obj' x='41.791813' y='299.46762' elevation='200.0' width='56.0' depth='102.5' height='6.0' modelSize='1661'/>
  <pieceOfFurniture catalogId='eTeks#texturableBox' name='Balda 2' creator='eTeks' model='51/texturableBox.obj' x='41.79197' y='299.33542' elevation='170.0' width='56.0' depth='102.5' height='6.0' modelSize='1661'/>
  <pieceOfFurniture name='IKEA LATT Children&apos;s table' creator='Blogscopia' model='92/IKEA_LATT_Children_s_table.obj' x='467.4839' y='900.206' elevation='165.0' angle='4.712389' pitch='3.1415927' width='193.5' depth='90.0' depthInPlan='90.00001' height='85.0' heightInPlan='85.00001' modelSize='163532'/>
  <wall id='wall0' wallAtEnd='wall1' xStart='9.916199' yStart='244.40173' xEnd='9.916199' yEnd='10.401733' height='60.0' thickness='7.5' pattern='hatchUp' rightSideColor='FFB8B799'/>
  <wall id='wall1' wallAtStart='wall0' wallAtEnd='wall2' xStart='9.916199' yStart='10.401733' xEnd='839.9162' yEnd='10.401733' height='120.0' thickness='4.5' pattern='hatchUp' leftSideColor='FFB8B799' rightSideColor='FFB8B799'/>
  <wall id='wall2' wallAtStart='wall1' wallAtEnd='wall8' xStart='839.9162' yStart='10.401733' xEnd='839.9162' yEnd='244.40173' height='60.0' thickness='7.5' pattern='hatchUp' rightSideColor='FFB8B799'/>
  <wall id='wall3' wallAtStart='wall9' wallAtEnd='wall4' xStart='10.046326' yStart='244.4017' xEnd='9.916199' yEnd='354.4018' height='240.0' thickness='7.5' pattern='hatchUp' leftSideColor='FFFFFFFF' rightSideColor='FFFFFFFF'/>
  <wall id='wall4' wallAtStart='wall3' wallAtEnd='wall5' xStart='9.916199' yStart='354.4018' xEnd='94.9162' yEnd='354.4018' height='240.0' thickness='7.5' pattern='hatchUp' leftSideColor='FFFFFFFF' rightSideColor='FFFFFFFF'/>
  <wall id='wall5' wallAtStart='wall4' wallAtEnd='wall6' xStart='94.9162' yStart='354.4018' xEnd='93.4162' yEnd='518.36194' height='240.0' thickness='7.5' pattern='hatchUp' leftSideColor='FFFFFFFF' rightSideColor='FFFFFFFF'/>
  <wall id='wall6' wallAtStart='wall5' wallAtEnd='wall19' xStart='93.4162' yStart='518.36194' xEnd='114.976105' yEnd='518.36194' height='240.0' thickness='7.5' pattern='hatchUp' leftSideColor='FFFFFFFF' rightSideColor='FFFFFFFF'/>
  <wall id='wall7' xStart='664.3909' yStart='1001.956' xEnd='664.3909' yEnd='726.4522' height='250.0' thickness='7.5' pattern='hatchUp' leftSideColor='FFFFFFFF' rightSideColor='FFFFFFFF'/>
  <wall id='wall8' wallAtStart='wall2' wallAtEnd='wall9' xStart='839.9162' yStart='244.40173' xEnd='534.0463' yEnd='244.4017' height='250.0' thickness='7.5' pattern='hatchUp' leftSideColor='FFFFFFFF' rightSideColor='FFB8B799'/>
  <wall id='wall9' wallAtStart='wall8' wallAtEnd='wall3' xStart='534.0463' yStart='244.4017' xEnd='10.046326' yEnd='244.4017' height='240.0' thickness='7.5' pattern='hatchUp' leftSideColor='FFFFFFFF' rightSideColor='FFB8B799'/>
  <wall id='wall10' xStart='534.68036' yStart='567.6051' xEnd='661.186' yEnd='567.6051' height='250.0' thickness='7.5' pattern='hatchUp' leftSideColor='FFFFFFFF' rightSideColor='FFFFFFFF'/>
  <wall id='wall11' xStart='661.186' yStart='623.40576' xEnd='839.9162' yEnd='623.40576' height='250.0' thickness='7.5' pattern='hatchUp' leftSideColor='FFFFFFFF' rightSideColor='FFFFFFFF'/>
  <wall id='wall12' xStart='839.9162' yStart='761.17847' xEnd='749.9162' yEnd='761.17847' height='250.0' thickness='7.5' pattern='hatchUp' leftSideColor='FFFFFFFF' rightSideColor='FFFFFFFF'/>
  <wall id='wall13' wallAtStart='wall21' wallAtEnd='wall14' xStart='537.7075' yStart='760.97656' xEnd='537.7075' yEnd='567.6051' height='250.0' thickness='7.5' pattern='hatchUp'/>
  <wall id='wall14' xStart='537.7075' yStart='567.6051' xEnd='537.7075' yEnd='242.74814' height='250.0' thickness='7.5' pattern='hatchUp' leftSideColor='FFFFFFFF' rightSideColor='FFFFFFFF'/>
  <wall id='wall15' wallAtStart='wall29' wallAtEnd='wall16' xStart='839.30975' yStart='1001.956' xEnd='839.30975' yEnd='623.40576' height='250.0' thickness='7.5' pattern='hatchUp' leftSideColor='FFFFFFFF' rightSideColor='FFFFFFFF'/>
  <wall id='wall16' wallAtStart='wall15' xStart='839.30975' yStart='623.40576' xEnd='839.3098' yEnd='244.40173' height='250.0' thickness='7.5' pattern='hatchUp' leftSideColor='FFFFFFFF' rightSideColor='FFFFFFFF'/>
  <wall id='wall17' wallAtEnd='wall18' xStart='661.186' yStart='732.6051' xEnd='661.186' yEnd='623.40576' height='250.0' thickness='7.5' pattern='hatchUp'/>
  <wall id='wall18' wallAtStart='wall17' xStart='661.186' yStart='623.40576' xEnd='661.186' yEnd='564.1051' height='250.0' thickness='7.5' pattern='hatchUp' leftSideColor='FFFFFFFF' rightSideColor='FFFFFFFF'/>
  <wall id='wall19' wallAtStart='wall6' xStart='114.976105' yStart='518.36194' xEnd='114.54205' yEnd='680.0' height='240.0' thickness='7.5' pattern='hatchUp' leftSideColor='FFFFFFFF' rightSideColor='FFFFFFFF'/>
  <wall id='wall21' wallAtStart='wall13' xStart='537.7075' yStart='760.97656' xEnd='660.61334' yEnd='760.97656' height='250.0' thickness='7.5' pattern='hatchUp' leftSideColor='FFFFFFFF' rightSideColor='FFFFFFFF'/>
  <wall id='wall22' wallAtStart='wall24' wallAtEnd='wall23' xStart='114.976105' yStart='681.9762' xEnd='417.4839' yEnd='681.9762' height='240.0' thickness='10.0' pattern='hatchUp'>
    <texture attribute='rightSideTexture' name='Green apples and white tiles' creator='Scopia' catalogId='eTeksScopia#green-apples-and-white-kitchen-tiles' width='100.0' height='100.0' image='95'/>
  </wall>
  <wall id='wall23' wallAtStart='wall22' wallAtEnd='wall27' xStart='417.4839' yStart='681.9762' xEnd='417.4839' yEnd='1001.9762' height='240.0' thickness='10.0' pattern='hatchUp'>
    <texture attribute='rightSideTexture' name='Green apples and white tiles' creator='Scopia' catalogId='eTeksScopia#green-apples-and-white-kitchen-tiles' width='100.0' height='100.0' image='95'/>
  </wall>
  <wall id='wall24' wallAtStart='wall27' wallAtEnd='wall22' xStart='114.976105' yStart='1001.9762' xEnd='114.976105' yEnd='681.9762' height='240.0' thickness='10.0' pattern='hatchUp'>
    <texture attribute='rightSideTexture' name='Green apples and white tiles' creator='Scopia' catalogId='eTeksScopia#green-apples-and-white-kitchen-tiles' width='100.0' height='100.0' image='95'/>
  </wall>
  <wall id='wall25' xStart='129.65884' yStart='908.9763' xEnd='129.65884' yEnd='996.9763' height='250.0' thickness='19.5' pattern='hatchUp'>
    <texture attribute='leftSideTexture' name='Green apples and white tiles' creator='Scopia' catalogId='eTeksScopia#green-apples-and-white-kitchen-tiles' width='100.0' height='100.0' image='95'/>
  </wall>
  <wall id='wall26' xStart='402.78394' yStart='909.004' xEnd='402.78394' yEnd='997.0039' height='250.0' thickness='19.5' pattern='hatchUp'>
    <texture attribute='rightSideTexture' name='Green apples and white tiles' creator='Scopia' catalogId='eTeksScopia#green-apples-and-white-kitchen-tiles' width='100.0' height='100.0' image='95'/>
  </wall>
  <wall id='wall27' wallAtStart='wall23' wallAtEnd='wall24' xStart='417.4839' yStart='1001.9762' xEnd='114.976105' yEnd='1001.9762' height='250.0' thickness='10.0' pattern='hatchUp'>
    <texture attribute='rightSideTexture' name='Green apples and white tiles' creator='Scopia' catalogId='eTeksScopia#green-apples-and-white-kitchen-tiles' width='100.0' height='100.0' image='95'/>
  </wall>
  <wall id='wall28' xStart='417.4839' yStart='681.65027' xEnd='537.7075' yEnd='681.65027' height='240.0' thickness='10.0' pattern='hatchUp'/>
  <wall id='wall29' wallAtStart='wall15' xStart='839.30975' yStart='1001.956' xEnd='417.4839' yEnd='1001.956' height='243.84' thickness='10.0' pattern='hatchUp'/>
  <wall id='wall30' xStart='541.16895' yStart='760.97656' xEnd='417.4839' yEnd='760.97656' height='243.84' thickness='7.62' pattern='hatchUp'/>
  <room id='room-c04bbfb3-2b8f-4b53-aebb-d413c75e5588' areaVisible='true' ceilingVisible='false'>
    <texture attribute='floorTexture' name='White marble' creator='Scopia' catalogId='eTeksScopia#white-marble' width='40.0' height='40.0' image='93'/>
    <point x='16.657959' y='14.718994'/>
    <point x='834.4645' y='14.718994'/>
    <point x='834.4645' y='241.219'/>
    <point x='16.657959' y='241.21906'/>
  </room>
  <room id='room-d77777f3-bdbc-4468-bdbf-c4d24596533b' areaVisible='true' floorShininess='0.25'>
    <texture attribute='floorTexture' name='White marble' creator='Scopia' catalogId='eTeksScopia#white-marble' width='40.0' height='40.0' image='93'/>
    <point x='664.936' y='627.15576'/>
    <point x='664.936' y='633.7732'/>
    <point x='661.16077' y='633.7732'/>
    <point x='661.16077' y='726.49316'/>
    <point x='664.961' y='726.49316'/>
    <point x='664.961' y='726.4522'/>
    <point x='668.1409' y='726.4522'/>
    <point x='668.1409' y='973.38446'/>
    <point x='835.55975' y='973.38446'/>
    <point x='835.55975' y='764.92847'/>
    <point x='749.9162' y='764.92847'/>
    <point x='749.9162' y='757.42847'/>
    <point x='835.55975' y='757.42847'/>
    <point x='835.55975' y='627.15576'/>
  </room>
  <room id='room-5e46220f-863b-47f0-91a3-cda4ea3b9c19' areaVisible='true' floorShininess='0.25'>
    <texture attribute='floorTexture' name='White marble' creator='Scopia' catalogId='eTeksScopia#white-marble' width='40.0' height='40.0' image='93'/>
    <point x='88.574585' y='244.37662'/>
    <point x='88.574585' y='248.15141'/>
    <point x='13.791893' y='248.15137'/>
    <point x='13.670639' y='350.65137'/>
    <point x='98.70067' y='350.6518'/>
    <point x='97.20065' y='514.6123'/>
    <point x='117.13437' y='514.6119'/>
    <point x='117.13437' y='560.9225'/>
    <point x='113.35928' y='560.9225'/>
    <point x='113.35928' y='663.77576'/>
    <point x='117.13437' y='663.77576'/>
    <point x='117.13437' y='676.73035'/>
    <point x='117.73639' y='676.73035'/>
    <point x='117.73639' y='677.095'/>
    <point x='237.99707' y='676.62634'/>
    <point x='237.99707' y='680.3992'/>
    <point x='330.61115' y='680.0382'/>
    <point x='330.61115' y='676.2654'/>
    <point x='533.9575' y='675.4729'/>
    <point x='533.9575' y='670.90894'/>
    <point x='537.7327' y='670.90894'/>
    <point x='537.7327' y='578.18896'/>
    <point x='533.9575' y='578.18896'/>
    <point x='533.9575' y='567.6051'/>
    <point x='533.9575' y='248.1517'/>
    <point x='467.56018' y='248.15166'/>
    <point x='467.56018' y='244.3767'/>
    <point x='249.69354' y='244.37665'/>
    <point x='249.69354' y='248.15152'/>
    <point x='199.02795' y='248.15149'/>
    <point x='199.02795' y='244.37665'/>
  </room>
  <room id='room-9a9cc85c-0a08-49a9-9cb9-4436529e1577' areaVisible='true' floorShininess='0.25'>
    <texture attribute='floorTexture' name='White marble' creator='Scopia' catalogId='eTeksScopia#white-marble' width='40.0' height='40.0' image='93'/>
    <point x='590.1392' y='244.37671'/>
    <point x='590.1392' y='248.1517'/>
    <point x='541.4575' y='248.1517'/>
    <point x='541.4575' y='563.8551'/>
    <point x='548.18225' y='563.8551'/>
    <point x='548.18225' y='570.74084'/>
    <point x='640.3491' y='570.74084'/>
    <point x='640.3491' y='563.8551'/>
    <point x='661.186' y='563.8551'/>
    <point x='661.186' y='564.1051'/>
    <point x='664.936' y='564.1051'/>
    <point x='664.936' y='619.65576'/>
    <point x='835.55975' y='619.65576'/>
    <point x='835.5598' y='248.15176'/>
    <point x='792.80585' y='248.15176'/>
    <point x='792.80585' y='244.37674'/>
  </room>
  <room id='room-a3df8682-fdd2-4cbb-bd19-7b050e2f0f76' nameYOffset='40.0' areaVisible='true' areaAngle='6.021386' floorShininess='0.25'>
    <textStyle attribute='nameStyle' fontSize='15.0'/>
    <textStyle attribute='areaStyle' fontSize='15.0'/>
    <texture attribute='floorTexture' name='Beige tiles' creator='eTeks' catalogId='eTeks#beigeTile' width='20.0' height='20.0' scale='2.5' image='94'/>
    <point x='392.90686' y='996.9763'/>
    <point x='392.90686' y='909.004'/>
    <point x='412.35687' y='909.004'/>
    <point x='412.35687' y='686.97644'/>
    <point x='318.69482' y='686.97644'/>
    <point x='318.69482' y='681.9513'/>
    <point x='244.96487' y='681.9513'/>
    <point x='244.96487' y='686.97644'/>
    <point x='119.849' y='686.97644'/>
    <point x='119.849' y='908.9763'/>
    <point x='139.28174' y='908.9763'/>
    <point x='139.28174' y='996.9763'/>
  </room>
  <room id='room-be24eeae-4655-4bfb-aa3e-addf117bb4ba' areaVisible='true'>
    <point x='544.36975' y='570.6908'/>
    <point x='544.3698' y='571.3551'/>
    <point x='541.4575' y='571.3551'/>
    <point x='541.4575' y='757.22656'/>
    <point x='660.61334' y='757.22656'/>
    <point x='660.61334' y='764.72656'/>
    <point x='551.5641' y='764.72656'/>
    <point x='654.6342' y='760.97595'/>
    <point x='550.8764' y='760.97595'/>
    <point x='550.8764' y='764.72656'/>
    <point x='533.9575' y='764.72656'/>
    <point x='533.9575' y='686.65027'/>
    <point x='422.4839' y='686.65027'/>
    <point x='422.4839' y='996.956'/>
    <point x='660.6409' y='996.956'/>
    <point x='660.6409' y='732.6051'/>
    <point x='657.436' y='732.6051'/>
    <point x='657.436' y='623.40576'/>
    <point x='657.436' y='571.3801'/>
    <point x='658.678' y='571.3801'/>
    <point x='658.678' y='570.6908'/>
  </room>
</home>